BEGIN;
CREATE DATABASE IF NOT EXISTS Junkyard;
USE Junkyard;

CREATE TABLE LISTING (
	
    LISTING_ID INT PRIMARY KEY,
    LISTING_LOT INT,
    LISTING_DATE DATE,
    LISTING_VIN VARCHAR(45),
    LISTING_EXT_COLOR VARCHAR(45),
    LISTING_INT_COLOR VARCHAR(45),
    CAR_ID INT REFERENCES CAR(CAR_ID),
    ENGINE_ID INT REFERENCES ENGINE(ENGINE_ID),
    LISTING_PARTS_LISTING_ID INT
    
);

CREATE TABLE CAR(

CAR_ID INT PRIMARY KEY,
CAR_MAKE VARCHAR(45),
CAR_MODEL VARCHAR(45),
CAR_YEAR INT,
CAR_CHAS_CODE VARCHAR(45),
ENGINE_ID INT REFERENCES ENGINE(ENGINE_ID)


);

CREATE TABLE ENGINE(

ENGINE_ID INT PRIMARY KEY REFERENCES LISTING(ENGINE_ID),
ENGINE_MAKE VARCHAR(45),
ENGINE_MODEL VARCHAR(45),
ENGINE_TYPE VARCHAR(45),
ENGINE_ASP VARCHAR(45),
ENGINE_SIZE VARCHAR(45)

);

CREATE TABLE LISTING_PARTS(
LISTING_ID INT PRIMARY KEY REFERENCES LISTING(LISTING_ID),
PART_ID INT REFERENCES PART(PART_ID)

);

CREATE TABLE PART(

PART_ID INT PRIMARY KEY,
PART_NAME VARCHAR(45),
PART_PARICE INT,
PART_TYPE VARCHAR(45)

);

/*Insert into parts
*/
INSERT INTO PART VALUES (100, "Alternator", 65, "Engine");
INSERT INTO PART VALUES (101, "Catalytic Converter", 30, "Engine");
INSERT INTO PART VALUES (102, "Radiator", 35, "Engine");
INSERT INTO PART VALUES (103, "Head Cover A", 100, "Engine");
INSERT INTO PART VALUES (104, "Head Cover B", 100, "Engine");
INSERT INTO PART VALUES (105, "Transmission", 500, "Engine");
INSERT INTO PART VALUES (106, "Engine Head A", 200, "Engine" );
INSERT INTO PART VALUES (107, "Engine Head B", 200, "Engine" );
INSERT INTO PART VALUES (108, "Water Pump", 35, "Engine");
INSERT INTO PART VALUES (109, "Engine Block", 900, "Engine");
INSERT INTO PART VALUES (110, "Muffler", 50, "Engine");
INSERT INTO PART VALUES (111, "Camshaft A", 50, "Engine");
INSERT INTO PART VALUES (112, "Camshaft B", 50, "Engine");
INSERT INTO PART VALUES (113, "Crankshaft", 50, "Engine");
INSERT INTO PART VALUES (114, "Exhaust Manifold A", 50, "Engine");
INSERT INTO PART VALUES (115, "Exhaust Manifold B", 50, "Engine");

INSERT INTO PART VALUES (1000, "Tie Rod Inner L", 10, "Running Gear");
INSERT INTO PART VALUES (1001, "Tie Rod Inner R", 10, "Running Gear");
INSERT INTO PART VALUES (1002, "Tie Rod Outer L", 10, "Running Gear");
INSERT INTO PART VALUES (1003, "Tie Rod Outer R", 10, "Running Gear");
INSERT INTO PART VALUES (1004, "Front Shock A", 25, "Running Gear");
INSERT INTO PART VALUES (1005, "Front Shock B", 25, "Running Gear");
INSERT INTO PART VALUES (1006, "Rear Shock A", 25, "Running Gear");
INSERT INTO PART VALUES (1007, "Rear Shock B", 25, "Running Gear");
INSERT INTO PART VALUES (1008, "Front Control Arm A", 50, "Running Gear");
INSERT INTO PART VALUES (1009, "Front Control Arm B", 50, "Running Gear");
INSERT INTO PART VALUES (1010, "Rear Control Arm A", 50, "Running Gear");
INSERT INTO PART VALUES (1011, "Rear Control Arm B", 50, "Running Gear");
INSERT INTO PART VALUES (1012, "Front Knuckle A", 50, "Running Gear");
INSERT INTO PART VALUES (1013, "Front Knuckle B", 50, "Running Gear");
INSERT INTO PART VALUES (1014, "Rear Knuckle A", 50, "Running Gear");
INSERT INTO PART VALUES (1015, "Rear Knuckle B", 50, "Running Gear");
INSERT INTO PART VALUES (1016, "Subframe", 1000, "Running Gear");

INSERT INTO PART VALUES (2000, "Front Driver Door", 200, "Body Parts");
INSERT INTO PART VALUES (2001, "Front Passenger Door", 200, "Body Parts");
INSERT INTO PART VALUES (2002, "Rear Driver Door", 200, "Body Parts");
INSERT INTO PART VALUES (2003, "Rear Passenger Door", 200, "Body Parts");
INSERT INTO PART VALUES (2004, "Front Bumper", 100, "Body Parts");
INSERT INTO PART VALUES (2005, "Rear Bumper", 100, "Body Parts");
INSERT INTO PART VALUES (2006, "Left Headlight", 20, "Body Parts");
INSERT INTO PART VALUES (2007, "Right Headlight", 20, "Body Parts");
INSERT INTO PART VALUES (2008, "Left Taillight", 20, "Body Parts");
INSERT INTO PART VALUES (2009, "Right Taillight", 20, "Body Parts");
INSERT INTO PART VALUES (2010, "Trunk", 250, "Body Parts");
INSERT INTO PART VALUES (2011, "Hood", 300, "Body Parts");
INSERT INTO PART VALUES (2012, "Rim A", 100, "Body Parts");
INSERT INTO PART VALUES (2013, "Rim B", 100, "Body Parts");
INSERT INTO PART VALUES (2014, "Rim C", 100, "Body Parts");
INSERT INTO PART VALUES (2015, "Rim D", 100, "Body Parts");
INSERT INTO PART VALUES (2016, "Tire A", 30, "Body Parts");
INSERT INTO PART VALUES (2017, "Tire B", 30, "Body Parts");
INSERT INTO PART VALUES (2018, "Tire C", 30, "Body Parts");
INSERT INTO PART VALUES (2019, "Tire D", 30, "Body Parts");
INSERT INTO PART VALUES (2020, "Front Fender L", 150, "Body Parts");
INSERT INTO PART VALUES (2021, "Front Fender R", 150, "Body Parts");
INSERT INTO PART VALUES (2022, "Rear Fender L", 150, "Body Parts");
INSERT INTO PART VALUES (2023, "Rear Fender R", 150, "Body Parts");

INSERT INTO PART VALUES (3000, "Steering Wheel", 30, "Interior");
INSERT INTO PART VALUES (3001, "Driver Seat", 100, "Interior");
INSERT INTO PART VALUES (3002, "Passenger Seat", 100, "Interior");
INSERT INTO PART VALUES (3003, "Rear Seat A", 100, "Interior");
INSERT INTO PART VALUES (3004, "Rear Seat A", 100, "Interior");
INSERT INTO PART VALUES (3005, "Electronic Dash", 1000, "Interior");
INSERT INTO PART VALUES (3006, "Radio", 200, "Interior");
INSERT INTO PART VALUES (3007, "Full Dash", 200, "Interior");
INSERT INTO PART VALUES (3008, "Glovebox", 100, "Interior");
INSERT INTO PART VALUES (3009, "Center Console", 200, "Interior");
INSERT INTO PART VALUES (3010, "Climate Controls", 300, "Interior");

/*Insert into Engines*/
INSERT INTO ENGINE VALUES (100, "SAAB", "B207R", "I4", "Turbocharged", "2.0" );
INSERT INTO ENGINE VALUES (101, "SAAB", "B234R", "I4", "Turbocharged", "2.3" );
INSERT INTO ENGINE VALUES (102, "CHRYSLER", "PENTASTAR G", "V6", "N/A", "3.6");
INSERT INTO ENGINE VALUES (103, "FORD", "MODULAR V8", "V8", "N/A", "4.6");
INSERT INTO ENGINE VALUES (104, "FORD", "VOODOO", "V8", "Supercharged", "5.2");
INSERT INTO ENGINE VALUES (105, "HONDA", "K20C2 iVTEC", "I4", "Turbocharged", "2.0");
INSERT INTO ENGINE VALUES (106, "GM", "LS7", "V8", "N/A", "6.2");
INSERT INTO ENGINE VALUES (107, "VOLVO", "B6304", "I6", "Turbocharged", "3.0");
INSERT INTO ENGINE VALUES (108, "VOLVO", "B6324", "I6", "N/A", "3.2");
INSERT INTO ENGINE VALUES (109, "NISSAN", "QR25DE", "I4", "N/A", "2.5");
INSERT INTO ENGINE VALUES (110, "NISSAN", "VQ35DE", "V6", "Turbocharged", "3.5");
INSERT INTO ENGINE VALUES (111, "SUBARU", "EJ25", "B4", "N/A", "2.5");
INSERT INTO ENGINE VALUES (112, "FORD", "CYCLONE V6", "V6", "Turbocharged", "3.5");

/*Insert into Cars*/
INSERT INTO CAR VALUES (300, "SAAB", "9-3", 2009, "YS3F-FL", 100);
INSERT INTO CAR VALUES (301, "SAAB", "9-5", 2006, "YS3E-FL1", 101);
INSERT INTO CAR VALUES (302, "SUBARU", "FORESTER", 2004, "SG", 111);
INSERT INTO CAR VALUES (303, "MERCURY", "GRAND MARQUIS", 1998, "EN114", 103);
INSERT INTO CAR VALUES (304, "VOLVO", "XC70", 2011, "XC70 III", 107);
INSERT INTO CAR VALUES (305, "VOLVO", "XC90", 2011, "XC90 II", 108);
INSERT INTO CAR VALUES (306, "NISSAN", "370Z", 2014, "Z34-II", 110);
INSERT INTO CAR VALUES (307, "FORD", "FLEX", 2013, "D4-FF", 112);
INSERT INTO CAR VALUES (308, "HONDA", "CIVIC", 2022, "FK8", 105);
INSERT INTO CAR VALUES (309, "GMC", "YUKON", 2015, "GMT900", 106);
INSERT INTO CAR VALUES (310, "CADILLAC", "ESCALADE", 2019, "K2UC/G", 106);
INSERT INTO CAR VALUES (311, "NISSAN", "ALTIMA", 2014, "L32", 109);

/* INSERT INTO LISTINGS */
INSERT INTO LISTING VALUES (0001, 13, '06-07-2022', "5XYKUDA21DG367493", "RED", "BLACK", 300, 100);
INSERT INTO LISTING VALUES (0002, 13, '08-11-2022', "JT2BG22K3Y0485107", "GREY", "TAN", 301, 101);
INSERT INTO LISTING VALUES (0003, 11, '01-08-2021', "1FVABPAL91HH92692", "WHITE", "GREY", 302, 111);
INSERT INTO LISTING VALUES (0004, 11, '06-12-2022', "JH4KA4660JC005061", "BLUE", "TAN", 302, 111);
INSERT INTO LISTING VALUES (0005, 06, '02-02-2022', "1GCHK23244F199207", "BLACK", "TAN", 303, 103);
INSERT INTO LISTING VALUES (0006, 09, '06-06-2022', "3VWSD29M11M069435", "BLACK", "BLACK", 304, 107);
INSERT INTO LISTING VALUES (0007, 09, '08-12-2022', "JTDBE30K620061417", "WHITE", "TAN", 305, 108);
INSERT INTO LISTING VALUES (0008, 01, '12-01-2022', "1J4GZ58S9VC710649", "WHITE", "RED", 306, 110);
INSERT INTO LISTING VALUES (0009, 19, '06-07-2021', "4JGBB86E27A199749", "GREY", "GREY", 307, 112);
INSERT INTO LISTING VALUES (0010, 17, '30-01-2022', "SHSRD78875U336227", "GREY", "RED", 308, 105);

 
